ts,open,high,low,close,volume
2026-02-19 20:00:00+00:00,81.95,82.56,81.69,82.5,82260.4983
2026-02-20 00:00:00+00:00,82.5,83.54,82.33,83.02,73468.0989
2026-02-20 04:00:00+00:00,83.02,83.91,82.39,83.43,87106.0041
2026-02-20 08:00:00+00:00,83.43,84.86,83.3,83.57,126437.4408
2026-02-20 12:00:00+00:00,83.57,84.79,81.76,84.38,290734.518
2026-02-20 16:00:00+00:00,84.38,85.49,82.8,84.78,225560.7484
2026-02-20 20:00:00+00:00,84.78,85.24,84.12,84.68,104893.3047
2026-02-21 00:00:00+00:00,84.68,85.02,84.24,84.35,47392.9939
2026-02-21 04:00:00+00:00,84.35,84.78,83.98,84.23,40523.6332
2026-02-21 08:00:00+00:00,84.23,85.69,84.19,85.4,85110.4535
2026-02-21 12:00:00+00:00,85.4,86.75,85.02,86.58,129531.9636
2026-02-21 16:00:00+00:00,86.58,86.72,85.82,86.22,80549.7414
2026-02-21 20:00:00+00:00,86.22,86.22,85.14,85.18,91084.4343
2026-02-22 00:00:00+00:00,85.18,85.59,84.69,85.06,71024.8429
2026-02-22 04:00:00+00:00,85.06,85.61,84.79,85.25,44824.178
2026-02-22 08:00:00+00:00,85.25,85.42,84.86,85.23,119148.998
2026-02-22 12:00:00+00:00,85.23,85.29,83.01,83.49,160762.3219
2026-02-22 16:00:00+00:00,83.49,83.62,82.82,83.29,95051.8711
2026-02-22 20:00:00+00:00,83.29,83.7,82.48,82.79,139687.8662
2026-02-23 00:00:00+00:00,82.79,82.85,77.28,77.65,451155.0736
2026-02-23 04:00:00+00:00,77.65,79.7,77.14,79.4,286139.8667
2026-02-23 08:00:00+00:00,79.4,80.69,78.53,80.07,206084.2241
2026-02-23 12:00:00+00:00,80.07,81.11,79.21,79.4,201115.07
2026-02-23 16:00:00+00:00,79.4,79.81,77.27,78.28,213287.4608
2026-02-23 20:00:00+00:00,78.28,78.91,77.63,77.92,105028.5994
2026-02-24 00:00:00+00:00,77.92,78.51,75.74,76.89,179387.6438
2026-02-24 04:00:00+00:00,76.89,77.33,76.11,76.85,114057.5589
2026-02-24 08:00:00+00:00,76.85,77.2,75.99,76.77,80477.3528
2026-02-24 12:00:00+00:00,76.77,77.5,75.62,77.3,170285.8714
2026-02-24 16:00:00+00:00,77.3,78.51,77.23,78.38,138455.3355
2026-02-24 20:00:00+00:00,78.38,79.6,78.13,78.98,92273.2688
2026-02-25 00:00:00+00:00,78.98,82.98,78.73,81.76,238900.0402
2026-02-25 04:00:00+00:00,81.76,82.43,80.99,82.18,167981.0805
2026-02-25 08:00:00+00:00,82.18,83.42,81.93,83.38,125654.1742
2026-02-25 12:00:00+00:00,83.38,86.46,82.9,85.97,396074.7257
2026-02-25 16:00:00+00:00,85.97,89.63,85.95,89.44,362615.8445
2026-02-25 20:00:00+00:00,89.44,92.15,87.09,88.06,383268.5207
2026-02-26 00:00:00+00:00,88.06,89.26,87.56,87.95,227468.0899
2026-02-26 04:00:00+00:00,87.95,89.06,87.23,87.25,78532.4007
2026-02-26 08:00:00+00:00,87.25,88.74,86.61,86.83,104353.09
2026-02-26 12:00:00+00:00,86.83,88.27,85.29,86.57,211875.385
2026-02-26 16:00:00+00:00,86.57,86.77,84.32,86.47,239863.3737
2026-02-26 20:00:00+00:00,86.47,86.87,85.73,85.89,105475.7651
2026-02-27 00:00:00+00:00,85.89,87.82,85.18,87.64,99522.5067
2026-02-27 04:00:00+00:00,87.64,88.32,86.8,87.31,103416.4881
2026-02-27 08:00:00+00:00,87.31,87.94,83.35,83.6,228807.3043
2026-02-27 12:00:00+00:00,83.6,83.75,82.0,82.68,233345.5275
2026-02-27 16:00:00+00:00,82.68,82.69,81.1,81.56,202738.0773
2026-02-27 20:00:00+00:00,81.56,82.1,80.31,81.85,114522.7785
2026-02-28 00:00:00+00:00,81.85,82.25,81.54,81.73,77969.5208
2026-02-28 04:00:00+00:00,81.73,81.88,77.09,78.71,337763.0857
2026-02-28 08:00:00+00:00,78.71,79.58,77.75,78.77,174435.3787
2026-02-28 12:00:00+00:00,78.77,81.5,78.63,80.91,198395.2162
2026-02-28 16:00:00+00:00,80.91,82.9,80.5,82.21,130021.4747
2026-02-28 20:00:00+00:00,82.21,85.64,81.95,84.34,182583.6287
2026-03-01 00:00:00+00:00,84.34,88.94,84.26,88.03,265595.9862
2026-03-01 04:00:00+00:00,88.03,88.26,86.17,86.64,216575.8596
2026-03-01 08:00:00+00:00,86.64,86.82,84.72,85.17,112274.442
2026-03-01 12:00:00+00:00,85.17,87.0,84.52,85.67,156699.4657
2026-03-01 16:00:00+00:00,85.67,86.09,83.05,83.23,173471.8784
2026-03-01 20:00:00+00:00,83.23,84.07,81.68,83.59,207539.1606
2026-03-02 00:00:00+00:00,83.59,86.17,83.47,84.77,115433.2308
2026-03-02 04:00:00+00:00,84.77,84.84,82.4,82.94,111810.7394
2026-03-02 08:00:00+00:00,82.94,84.29,82.38,83.89,123066.2173
2026-03-02 12:00:00+00:00,83.89,89.0,82.78,88.81,334581.3226
2026-03-02 16:00:00+00:00,88.81,90.32,86.41,87.65,342703.5737
2026-03-02 20:00:00+00:00,87.65,88.23,86.32,86.64,123313.9799
2026-03-03 00:00:00+00:00,86.64,87.3,85.23,86.29,143227.0968
2026-03-03 04:00:00+00:00,86.29,86.81,85.37,85.54,139851.6761
2026-03-03 08:00:00+00:00,85.54,85.73,83.67,84.19,290260.9063
2026-03-03 12:00:00+00:00,84.19,85.34,82.5,85.02,278188.3513
2026-03-03 16:00:00+00:00,85.02,87.32,84.16,85.08,261655.925
2026-03-03 20:00:00+00:00,85.08,87.46,84.19,86.97,204885.6548
2026-03-04 00:00:00+00:00,86.97,88.08,85.18,85.77,188611.0315
2026-03-04 04:00:00+00:00,85.77,87.5,84.78,87.41,171490.2909
2026-03-04 08:00:00+00:00,87.41,91.45,86.98,89.76,423100.8156
2026-03-04 12:00:00+00:00,89.76,93.1,88.69,92.93,355900.4763
2026-03-04 16:00:00+00:00,92.93,94.05,90.62,93.18,272931.1211
2026-03-04 20:00:00+00:00,93.18,93.75,90.29,90.85,106511.8608
2026-03-05 00:00:00+00:00,90.85,91.41,89.58,90.02,133484.6609
2026-03-05 04:00:00+00:00,90.02,91.31,89.66,90.15,131356.0411
2026-03-05 08:00:00+00:00,90.15,92.95,89.68,91.82,127559.8658
2026-03-05 12:00:00+00:00,91.82,92.21,88.81,89.61,240094.5445
2026-03-05 16:00:00+00:00,89.61,89.63,87.92,88.74,202481.971
2026-03-05 20:00:00+00:00,88.74,89.86,88.55,88.78,73876.0772
2026-03-06 00:00:00+00:00,88.78,89.32,88.03,88.41,87301.7065
2026-03-06 04:00:00+00:00,88.41,88.92,87.5,88.71,92637.0391
2026-03-06 08:00:00+00:00,88.71,88.71,87.1,87.25,134432.5968
2026-03-06 12:00:00+00:00,87.25,87.26,83.95,84.63,397692.8397
2026-03-06 16:00:00+00:00,84.63,85.88,83.64,85.2,221914.6514
2026-03-06 20:00:00+00:00,85.2,85.46,84.44,84.69,54210.1714
2026-03-07 00:00:00+00:00,84.69,85.07,84.32,84.53,47734.2871
2026-03-07 04:00:00+00:00,84.53,84.56,83.9,84.32,60289.0774
2026-03-07 08:00:00+00:00,84.32,84.91,84.12,84.66,37152.9673
2026-03-07 12:00:00+00:00,84.66,84.77,83.39,83.74,76668.9214
2026-03-07 16:00:00+00:00,83.74,84.06,82.28,82.54,96636.4401
2026-03-07 20:00:00+00:00,82.54,83.32,82.51,83.22,54421.0512
2026-03-08 00:00:00+00:00,83.22,83.47,82.12,82.34,58105.6918
2026-03-08 04:00:00+00:00,82.34,83.1,81.75,82.94,54283.6353
2026-03-08 08:00:00+00:00,82.94,84.09,82.52,82.81,120456.2851
2026-03-08 12:00:00+00:00,82.81,82.99,81.18,82.06,102814.5807
2026-03-08 16:00:00+00:00,82.06,82.65,81.29,82.47,108011.8584
2026-03-08 20:00:00+00:00,82.47,82.95,80.21,81.61,179033.3754
2026-03-09 00:00:00+00:00,81.61,84.49,81.54,83.16,147478.1946
2026-03-09 04:00:00+00:00,83.16,84.61,82.32,83.15,121827.0918
2026-03-09 08:00:00+00:00,83.15,84.6,82.93,83.57,123221.3847
2026-03-09 12:00:00+00:00,83.57,85.74,83.4,85.05,182529.3473
2026-03-09 16:00:00+00:00,85.05,87.08,84.32,85.97,178047.819
2026-03-09 20:00:00+00:00,85.97,86.36,84.83,84.96,80278.1843
2026-03-10 00:00:00+00:00,84.96,86.92,84.84,85.57,99353.4101
2026-03-10 04:00:00+00:00,85.57,86.98,85.39,86.7,112818.7156
2026-03-10 08:00:00+00:00,86.7,87.69,86.58,86.8,147551.9655
2026-03-10 12:00:00+00:00,86.8,88.63,84.93,88.34,290386.2367
2026-03-10 16:00:00+00:00,88.34,88.8,85.65,86.01,172800.4014
2026-03-10 20:00:00+00:00,86.01,86.43,85.01,85.87,114468.954
2026-03-11 00:00:00+00:00,85.87,86.27,85.48,85.62,61100.0838
2026-03-11 04:00:00+00:00,85.62,86.87,85.14,85.44,112341.8029
2026-03-11 08:00:00+00:00,85.44,85.61,84.39,84.56,82307.7605
2026-03-11 12:00:00+00:00,84.56,87.41,84.37,85.4,223496.4256
2026-03-11 16:00:00+00:00,85.4,88.09,85.3,87.3,246220.9736
2026-03-11 20:00:00+00:00,87.3,87.93,86.46,86.58,110127.6153
2026-03-12 00:00:00+00:00,86.58,86.78,84.68,84.99,99194.7642
2026-03-12 04:00:00+00:00,84.99,85.88,84.85,85.8,201967.7901
2026-03-12 08:00:00+00:00,85.8,87.13,85.37,86.81,117046.4056
2026-03-12 12:00:00+00:00,86.81,87.69,85.11,86.57,267527.8851
2026-03-12 16:00:00+00:00,86.57,87.09,85.68,86.81,131526.257
2026-03-12 20:00:00+00:00,86.81,87.22,85.97,86.83,69860.4701
2026-03-13 00:00:00+00:00,86.83,91.14,86.72,89.7,326198.6274
2026-03-13 04:00:00+00:00,89.7,89.74,88.15,88.68,116307.1531
2026-03-13 08:00:00+00:00,88.68,90.46,88.34,90.34,127110.1375
2026-03-13 12:00:00+00:00,90.34,92.98,89.31,89.48,354941.8431
2026-03-13 16:00:00+00:00,89.48,90.14,88.36,88.9,185618.4171
2026-03-13 20:00:00+00:00,88.9,89.13,87.73,88.15,132892.0994
2026-03-14 00:00:00+00:00,88.15,88.61,87.8,88.41,80998.5588
2026-03-14 04:00:00+00:00,88.41,88.69,86.92,87.31,94489.4167
2026-03-14 08:00:00+00:00,87.31,87.53,86.5,86.93,120928.7739
2026-03-14 12:00:00+00:00,86.93,87.34,86.61,86.72,103709.3512
2026-03-14 16:00:00+00:00,86.72,87.13,86.62,86.99,29622.1593
2026-03-14 20:00:00+00:00,86.99,88.16,86.85,88.04,68844.5978
2026-03-15 00:00:00+00:00,88.04,88.65,87.59,87.87,58674.7846
2026-03-15 04:00:00+00:00,87.87,88.64,87.87,88.22,55680.8814
2026-03-15 08:00:00+00:00,88.22,88.87,88.14,88.55,41636.4685
2026-03-15 12:00:00+00:00,88.55,88.55,87.37,87.92,48069.8571
2026-03-15 16:00:00+00:00,87.92,88.81,87.47,88.2,57853.0223
2026-03-15 20:00:00+00:00,88.2,93.24,87.99,92.32,327214.5305
2026-03-16 00:00:00+00:00,92.32,93.97,91.18,93.18,231443.0819
2026-03-16 04:00:00+00:00,93.18,94.32,92.95,93.55,240372.662
2026-03-16 08:00:00+00:00,93.55,94.02,92.58,93.75,146658.0682
2026-03-16 12:00:00+00:00,93.75,95.14,92.38,93.2,290208.8632
2026-03-16 16:00:00+00:00,93.2,95.49,93.13,95.22,187107.7638
2026-03-16 20:00:00+00:00,95.22,97.68,95.07,96.19,224823.6489
2026-03-17 00:00:00+00:00,96.19,96.97,93.72,94.07,224301.8845
2026-03-17 04:00:00+00:00,94.07,94.66,93.18,94.42,127321.6449
2026-03-17 08:00:00+00:00,94.42,95.12,93.25,93.66,134495.6697
2026-03-17 12:00:00+00:00,93.66,95.13,93.16,93.83,173999.5507
2026-03-17 16:00:00+00:00,93.83,95.61,93.73,94.66,90360.367
2026-03-17 20:00:00+00:00,94.66,95.62,94.41,94.59,88725.1403
2026-03-18 00:00:00+00:00,94.59,95.66,94.09,95.05,51416.2952
2026-03-18 04:00:00+00:00,95.05,95.11,93.73,93.95,135909.3946
2026-03-18 08:00:00+00:00,93.95,94.43,91.8,92.01,155735.3509
2026-03-18 12:00:00+00:00,92.01,92.05,88.53,89.35,286483.2042
2026-03-18 16:00:00+00:00,89.35,90.84,88.63,89.7,233554.3393
2026-03-18 20:00:00+00:00,89.7,90.61,88.97,90.08,87750.8707
2026-03-19 00:00:00+00:00,90.08,91.4,89.79,90.73,74714.3297
2026-03-19 04:00:00+00:00,90.73,90.73,88.62,89.42,126034.0971
2026-03-19 08:00:00+00:00,89.42,90.47,89.09,89.61,119815.9641
2026-03-19 12:00:00+00:00,89.61,89.61,87.15,87.65,231714.4409
2026-03-19 16:00:00+00:00,87.65,89.28,86.99,88.73,141871.7664
2026-03-19 20:00:00+00:00,88.73,89.34,88.4,88.9,59427.7423
2026-03-20 00:00:00+00:00,88.9,89.8,88.87,89.58,60387.3333
2026-03-20 04:00:00+00:00,89.58,89.76,88.5,89.39,88752.7394
2026-03-20 08:00:00+00:00,89.39,90.45,88.62,89.15,93820.578
2026-03-20 12:00:00+00:00,89.15,89.72,88.51,88.95,185970.9334
2026-03-20 16:00:00+00:00,88.95,89.21,88.12,89.0,115294.0688
2026-03-20 20:00:00+00:00,89.0,90.26,88.66,89.86,60743.1
2026-03-21 00:00:00+00:00,89.86,90.68,89.73,90.46,49947.7474
2026-03-21 04:00:00+00:00,90.46,90.81,89.93,90.14,60856.6958
2026-03-21 08:00:00+00:00,90.14,90.42,89.8,89.95,54244.9275
2026-03-21 12:00:00+00:00,89.95,90.42,89.4,89.82,39255.7986
2026-03-21 16:00:00+00:00,89.82,89.99,89.4,89.8,29192.0664
2026-03-21 20:00:00+00:00,89.8,90.28,87.15,87.55,85150.0582
2026-03-22 00:00:00+00:00,87.55,89.15,86.26,88.66,117705.2056
2026-03-22 04:00:00+00:00,88.66,89.19,87.69,87.72,65517.0455
2026-03-22 08:00:00+00:00,87.72,87.76,86.84,86.84,106983.4543
2026-03-22 12:00:00+00:00,86.84,87.72,86.82,87.58,72519.0133
2026-03-22 16:00:00+00:00,87.58,87.7,86.5,86.87,67235.585
2026-03-22 20:00:00+00:00,86.87,87.18,85.14,86.21,162824.1842
2026-03-23 00:00:00+00:00,86.21,87.24,85.48,86.39,52874.8157
2026-03-23 04:00:00+00:00,86.39,87.32,85.1,86.01,104155.8006
2026-03-23 08:00:00+00:00,86.01,91.95,85.19,88.78,462244.2861
2026-03-23 12:00:00+00:00,88.78,92.27,88.33,89.96,234028.3105
2026-03-23 16:00:00+00:00,89.96,91.91,89.41,91.41,144361.4807
2026-03-23 20:00:00+00:00,91.41,92.03,90.98,91.43,71929.677
2026-03-24 00:00:00+00:00,91.43,91.68,89.98,90.35,103680.1664
2026-03-24 04:00:00+00:00,90.35,91.9,90.0,91.73,110042.612
2026-03-24 08:00:00+00:00,91.73,92.23,91.14,91.78,134992.9634
2026-03-24 12:00:00+00:00,91.78,91.87,88.72,89.76,165677.6838
2026-03-24 16:00:00+00:00,89.76,89.99,88.4,88.52,124006.8085
2026-03-24 20:00:00+00:00,88.52,91.14,88.5,90.8,131631.2883
2026-03-25 00:00:00+00:00,90.8,92.0,90.62,91.71,109696.0556
2026-03-25 04:00:00+00:00,91.71,92.98,91.61,91.83,205734.5139
2026-03-25 08:00:00+00:00,91.83,93.5,91.77,92.98,218635.614
2026-03-25 12:00:00+00:00,92.98,93.46,91.01,91.76,145939.2893
2026-03-25 16:00:00+00:00,91.76,92.72,91.41,91.75,88594.0532
2026-03-25 20:00:00+00:00,91.75,91.95,91.04,91.71,77787.0824
2026-03-26 00:00:00+00:00,91.71,91.98,90.6,91.06,117523.7022
2026-03-26 04:00:00+00:00,91.06,91.06,88.8,89.11,163023.3624
2026-03-26 08:00:00+00:00,89.11,89.11,87.43,87.55,165531.6265
2026-03-26 12:00:00+00:00,87.55,88.23,86.71,87.53,235077.894
2026-03-26 16:00:00+00:00,87.53,87.74,85.45,85.48,213989.3567
2026-03-26 20:00:00+00:00,85.48,87.14,85.44,86.53,182323.026
2026-03-27 00:00:00+00:00,86.53,87.04,86.18,86.44,72831.5585
2026-03-27 04:00:00+00:00,86.44,86.76,85.71,85.93,99121.3035
2026-03-27 08:00:00+00:00,85.93,86.14,82.61,83.38,355604.204
2026-03-27 12:00:00+00:00,83.38,84.01,82.47,83.34,344772.0974
2026-03-27 16:00:00+00:00,83.34,83.45,81.85,82.8,225146.4112
2026-03-27 20:00:00+00:00,82.8,83.13,82.37,83.1,79458.25
2026-03-28 00:00:00+00:00,83.1,83.1,82.26,82.6,65196.8141
2026-03-28 04:00:00+00:00,82.6,83.67,82.37,83.62,54887.2709
2026-03-28 08:00:00+00:00,83.62,83.72,82.72,82.95,65854.1952
2026-03-28 12:00:00+00:00,82.95,84.29,82.61,83.81,160396.1603
2026-03-28 16:00:00+00:00,83.81,83.93,83.01,83.28,110689.7632
2026-03-28 20:00:00+00:00,83.28,83.51,81.71,82.08,177936.1274
2026-03-29 00:00:00+00:00,82.08,83.23,81.86,83.01,55314.2343
2026-03-29 04:00:00+00:00,83.01,83.03,82.24,82.43,39332.577
2026-03-29 08:00:00+00:00,82.43,82.85,82.0,82.59,44367.3398
2026-03-29 12:00:00+00:00,82.59,82.65,81.36,81.82,76370.2114
2026-03-29 16:00:00+00:00,81.82,82.13,81.16,81.62,61950.8985
2026-03-29 20:00:00+00:00,81.62,82.23,78.87,81.43,210255.3758
2026-03-30 00:00:00+00:00,81.43,83.94,81.16,83.28,99380.0345
2026-03-30 04:00:00+00:00,83.28,84.26,83.27,84.02,92812.6056
2026-03-30 08:00:00+00:00,84.02,84.89,83.56,84.26,141751.3795
2026-03-30 12:00:00+00:00,84.26,84.99,83.67,84.51,169053.8521
2026-03-30 16:00:00+00:00,84.51,84.55,82.0,82.41,132129.2334
2026-03-30 20:00:00+00:00,82.41,83.68,82.14,82.56,95293.5883
2026-03-31 00:00:00+00:00,82.56,84.61,82.17,83.62,141854.0503
2026-03-31 04:00:00+00:00,83.62,83.93,82.7,83.12,105959.4357
2026-03-31 08:00:00+00:00,83.12,83.35,80.09,80.86,179537.5231
2026-03-31 12:00:00+00:00,80.86,82.59,80.41,80.88,197679.7503
2026-03-31 16:00:00+00:00,80.88,83.48,80.88,82.71,226425.3689
2026-03-31 20:00:00+00:00,82.71,83.42,82.34,83.19,106516.4049
2026-04-01 00:00:00+00:00,83.19,83.6,82.5,83.45,100703.6056
2026-04-01 04:00:00+00:00,83.45,84.75,83.26,83.85,152644.4803
2026-04-01 08:00:00+00:00,83.85,84.07,83.08,83.38,92307.4852
2026-04-01 12:00:00+00:00,83.38,83.87,82.41,83.63,137751.7306
2026-04-01 16:00:00+00:00,83.63,86.64,83.03,83.84,402324.5013
2026-04-01 20:00:00+00:00,83.84,83.9,80.75,81.2,324298.7875
2026-04-02 00:00:00+00:00,81.2,81.78,78.3,79.02,191240.8054
2026-04-02 04:00:00+00:00,79.02,79.68,78.6,79.67,145993.1648
2026-04-02 08:00:00+00:00,79.67,79.67,78.17,78.32,84167.6315
2026-04-02 12:00:00+00:00,78.32,79.72,76.71,79.05,232855.1833
2026-04-02 16:00:00+00:00,79.05,79.9,78.44,78.98,171987.1878
2026-04-02 20:00:00+00:00,78.98,79.39,78.64,78.95,57761.3394
2026-04-03 00:00:00+00:00,78.95,79.79,78.87,79.01,57551.8969
2026-04-03 04:00:00+00:00,79.01,80.16,79.01,79.95,69539.2435
2026-04-03 08:00:00+00:00,79.95,80.45,79.64,80.19,74705.873
2026-04-03 12:00:00+00:00,80.19,80.93,79.18,80.33,115243.973
2026-04-03 16:00:00+00:00,80.33,80.68,79.87,80.2,57863.4562
2026-04-03 20:00:00+00:00,80.2,80.72,79.95,80.4,53801.2651
2026-04-04 00:00:00+00:00,80.4,80.41,80.05,80.17,23108.7368
2026-04-04 04:00:00+00:00,80.17,80.55,80.08,80.32,43596.7852
2026-04-04 08:00:00+00:00,80.32,80.41,79.92,80.21,33492.3829
2026-04-04 12:00:00+00:00,80.21,81.62,79.59,81.08,80765.4405
2026-04-04 16:00:00+00:00,81.08,81.35,80.62,80.86,51968.3469
2026-04-04 20:00:00+00:00,80.86,81.07,80.64,80.84,37151.8003
2026-04-05 00:00:00+00:00,80.84,80.86,80.38,80.56,34295.1928
2026-04-05 04:00:00+00:00,80.56,80.59,79.42,79.6,95848.9568
2026-04-05 08:00:00+00:00,79.6,80.24,79.55,79.92,24249.2848
2026-04-05 12:00:00+00:00,79.92,80.34,78.53,79.6,83962.9317
2026-04-05 16:00:00+00:00,79.6,80.22,79.38,79.82,45045.6751
2026-04-05 20:00:00+00:00,79.82,82.13,79.1,81.9,140738.802
2026-04-06 00:00:00+00:00,81.9,82.98,81.68,82.11,144749.0955
2026-04-06 04:00:00+00:00,82.11,82.34,80.98,81.82,89203.9998
2026-04-06 08:00:00+00:00,81.82,83.2,81.72,82.45,107703.5641
2026-04-06 12:00:00+00:00,82.45,82.82,81.75,82.3,125865.0046
2026-04-06 16:00:00+00:00,82.3,82.47,81.19,81.9,52664.1606
2026-04-06 20:00:00+00:00,81.9,82.14,79.6,80.03,106816.1598
2026-04-07 00:00:00+00:00,80.03,80.21,79.38,79.79,91790.5522
2026-04-07 04:00:00+00:00,79.79,80.15,79.31,79.87,73874.2165
2026-04-07 08:00:00+00:00,79.87,80.57,78.96,79.21,102694.1226
2026-04-07 12:00:00+00:00,79.21,79.42,78.37,78.87,101673.6048
2026-04-07 16:00:00+00:00,78.87,81.81,78.66,81.63,150431.0076
2026-04-07 20:00:00+00:00,81.63,87.01,81.6,85.56,396242.388
2026-04-08 00:00:00+00:00,85.56,85.9,84.27,84.57,110058.9225
2026-04-08 04:00:00+00:00,84.57,85.06,83.87,84.51,117475.5297
2026-04-08 08:00:00+00:00,84.51,85.0,84.16,84.47,102660.5876
2026-04-08 12:00:00+00:00,84.47,85.0,82.51,83.35,204270.2527
2026-04-08 16:00:00+00:00,83.35,84.19,82.78,83.22,60688.939
2026-04-08 20:00:00+00:00,83.22,83.63,82.25,82.57,75420.1946
2026-04-09 00:00:00+00:00,82.57,82.68,81.71,82.03,71935.7486
2026-04-09 04:00:00+00:00,82.03,82.47,81.73,82.27,45423.055
2026-04-09 08:00:00+00:00,82.27,82.75,82.01,82.18,59499.1736
2026-04-09 12:00:00+00:00,82.18,83.94,81.42,83.75,106414.352
2026-04-09 16:00:00+00:00,83.75,84.72,82.93,84.16,146799.1175
2026-04-09 20:00:00+00:00,84.16,85.95,83.16,83.33,116871.9727
2026-04-10 00:00:00+00:00,83.33,83.79,82.69,82.9,69832.1193
2026-04-10 04:00:00+00:00,82.9,83.6,82.87,82.96,72679.1352
2026-04-10 08:00:00+00:00,82.96,83.75,82.71,83.53,82475.5212
2026-04-10 12:00:00+00:00,83.53,85.59,83.36,84.23,149791.4175
2026-04-10 16:00:00+00:00,84.23,85.5,84.14,85.47,85574.6377
2026-04-10 20:00:00+00:00,85.47,85.68,84.65,84.83,98759.8931
2026-04-11 00:00:00+00:00,84.83,84.93,84.31,84.41,25737.3528
2026-04-11 04:00:00+00:00,84.41,84.61,83.88,84.27,57404.1705
2026-04-11 08:00:00+00:00,84.27,84.79,83.8,84.23,68531.7099
2026-04-11 12:00:00+00:00,84.23,84.9,83.83,84.68,61837.9637
2026-04-11 16:00:00+00:00,84.68,86.26,84.6,86.02,79609.2265
2026-04-11 20:00:00+00:00,86.02,86.18,84.53,84.92,75233.2542
2026-04-12 00:00:00+00:00,84.92,85.01,81.88,82.35,95450.8485
2026-04-12 04:00:00+00:00,82.35,82.5,82.09,82.28,40461.6873
2026-04-12 08:00:00+00:00,82.28,82.4,81.96,82.22,37312.7669
2026-04-12 12:00:00+00:00,82.22,82.57,81.31,81.6,85363.5253
2026-04-12 16:00:00+00:00,81.6,82.33,81.54,81.99,23761.5732
2026-04-12 20:00:00+00:00,81.99,82.89,81.29,81.53,118386.6189
2026-04-13 00:00:00+00:00,81.53,82.43,81.4,81.91,47967.1125
2026-04-13 04:00:00+00:00,81.91,82.63,81.53,82.16,65895.293
2026-04-13 08:00:00+00:00,82.16,82.29,81.66,81.86,54002.5437
2026-04-13 12:00:00+00:00,81.86,83.86,81.82,82.66,171525.1466
2026-04-13 16:00:00+00:00,82.66,84.25,82.35,84.08,101153.7413
2026-04-13 20:00:00+00:00,84.08,86.84,83.82,86.53,190866.3933
2026-04-14 00:00:00+00:00,86.53,86.75,85.65,86.06,180952.5499
2026-04-14 04:00:00+00:00,86.06,86.19,85.44,85.89,92716.3111
2026-04-14 08:00:00+00:00,85.89,86.56,85.62,85.78,118070.4607
2026-04-14 12:00:00+00:00,85.78,87.64,85.26,85.97,213263.8668
2026-04-14 16:00:00+00:00,85.97,86.17,83.73,83.95,201204.9687
2026-04-14 20:00:00+00:00,83.95,84.16,83.16,83.72,120146.6448
2026-04-15 00:00:00+00:00,83.72,84.07,83.14,83.46,101382.3783
2026-04-15 04:00:00+00:00,83.46,83.79,82.67,82.95,118968.817
2026-04-15 08:00:00+00:00,82.95,83.68,82.75,83.6,110310.0512
2026-04-15 12:00:00+00:00,83.6,84.49,83.2,84.01,140861.3378
2026-04-15 16:00:00+00:00,84.01,85.82,83.9,85.5,145414.689
2026-04-15 20:00:00+00:00,85.5,85.6,84.2,84.9,77837.939
2026-04-16 00:00:00+00:00,84.9,85.58,84.46,85.29,47656.7954
2026-04-16 04:00:00+00:00,85.29,85.66,84.98,85.19,59045.3057
2026-04-16 08:00:00+00:00,85.19,85.5,84.63,85.09,57095.6105
2026-04-16 12:00:00+00:00,85.09,87.13,83.81,86.62,158202.8397
2026-04-16 16:00:00+00:00,86.62,90.14,85.62,90.09,294885.9083
2026-04-16 20:00:00+00:00,90.09,90.48,88.72,89.05,128203.027
2026-04-17 00:00:00+00:00,89.05,89.18,87.48,87.7,60429.8794
2026-04-17 04:00:00+00:00,87.7,88.47,87.35,88.14,69038.0396
2026-04-17 08:00:00+00:00,88.14,89.52,87.34,88.21,160414.6003
2026-04-17 12:00:00+00:00,88.21,90.74,87.92,89.95,306194.417
2026-04-17 16:00:00+00:00,89.95,90.59,88.88,89.21,113547.2429
2026-04-17 20:00:00+00:00,89.21,89.47,88.47,88.76,72663.053
2026-04-18 00:00:00+00:00,88.76,89.15,88.24,88.32,32002.1528
2026-04-18 04:00:00+00:00,88.32,88.65,88.16,88.47,41344.2592
2026-04-18 08:00:00+00:00,88.47,88.51,86.29,86.55,163676.3694
2026-04-18 12:00:00+00:00,86.55,86.99,86.42,86.76,47144.0884
2026-04-18 16:00:00+00:00,86.76,86.99,85.8,86.15,63601.9786
2026-04-18 20:00:00+00:00,86.15,86.48,85.92,86.15,45999.1082
2026-04-19 00:00:00+00:00,86.15,86.38,85.23,85.61,58889.9592
2026-04-19 04:00:00+00:00,85.61,85.96,84.43,84.88,82860.228
2026-04-19 08:00:00+00:00,84.88,85.69,84.42,85.6,102279.3059
2026-04-19 12:00:00+00:00,85.6,87.12,85.55,86.35,130520.5621
2026-04-19 16:00:00+00:00,86.35,86.5,84.88,85.33,138880.4701
2026-04-19 20:00:00+00:00,85.33,85.38,82.93,83.49,282066.0107
2026-04-20 00:00:00+00:00,83.49,84.63,83.34,84.6,123853.6527
2026-04-20 04:00:00+00:00,84.6,85.76,83.76,84.73,141265.9099
2026-04-20 08:00:00+00:00,84.73,85.41,84.56,85.06,130008.239
2026-04-20 12:00:00+00:00,85.06,85.88,84.42,85.86,188487.2597
2026-04-20 16:00:00+00:00,85.86,86.23,85.26,85.8,156725.5659
2026-04-20 20:00:00+00:00,85.8,86.22,85.18,85.3,164926.6809
2026-04-21 00:00:00+00:00,85.3,85.83,85.0,85.16,125548.1079
2026-04-21 04:00:00+00:00,85.16,85.98,85.02,85.7,134289.7663
2026-04-21 08:00:00+00:00,85.7,86.37,85.52,85.83,79297.9555
2026-04-21 12:00:00+00:00,85.83,86.89,85.17,86.05,133835.2675
2026-04-21 16:00:00+00:00,86.05,86.29,84.31,84.57,128490.8237
2026-04-21 20:00:00+00:00,84.57,86.13,84.45,86.05,119590.0876
2026-04-22 00:00:00+00:00,86.05,87.86,86.01,87.24,155311.9783
2026-04-22 04:00:00+00:00,87.24,88.34,86.99,88.05,133069.916
2026-04-22 08:00:00+00:00,88.05,88.86,87.62,88.32,92467.8078
2026-04-22 12:00:00+00:00,88.32,89.32,88.04,88.19,139353.9816
2026-04-22 16:00:00+00:00,88.19,88.47,87.1,87.39,83678.3248
2026-04-22 20:00:00+00:00,87.39,87.73,86.82,86.88,46301.9979
2026-04-23 00:00:00+00:00,86.88,87.17,85.49,85.8,90625.3421
2026-04-23 04:00:00+00:00,85.8,86.23,85.5,85.91,84126.6281
2026-04-23 08:00:00+00:00,85.91,86.02,85.21,85.83,98715.7106
2026-04-23 12:00:00+00:00,85.83,86.64,85.54,86.35,101183.3385
2026-04-23 16:00:00+00:00,86.35,86.42,84.45,85.31,120764.8732
2026-04-23 20:00:00+00:00,85.31,86.26,85.29,86.14,68867.0826
2026-04-24 00:00:00+00:00,86.14,86.37,85.38,85.69,32667.5027
2026-04-24 04:00:00+00:00,85.69,85.81,85.16,85.52,78401.4406
2026-04-24 08:00:00+00:00,85.52,86.27,84.92,86.2,89277.6193
2026-04-24 12:00:00+00:00,86.2,86.79,85.53,86.52,87164.8659
2026-04-24 16:00:00+00:00,86.52,86.58,85.95,86.32,52315.1153
2026-04-24 20:00:00+00:00,86.32,86.94,86.09,86.18,49271.999
2026-04-25 00:00:00+00:00,86.18,86.5,86.01,86.45,24449.5801
2026-04-25 04:00:00+00:00,86.45,86.65,86.13,86.37,28341.9563
2026-04-25 08:00:00+00:00,86.37,86.81,86.25,86.37,31515.9013
2026-04-25 12:00:00+00:00,86.37,86.77,86.13,86.23,42571.1761
2026-04-25 16:00:00+00:00,86.23,86.34,85.55,85.67,67158.291
2026-04-25 20:00:00+00:00,85.67,86.18,85.6,86.18,26818.1036
2026-04-26 00:00:00+00:00,86.18,86.45,85.83,85.99,40494.2899
2026-04-26 04:00:00+00:00,85.99,86.71,85.93,86.63,53684.5184
2026-04-26 08:00:00+00:00,86.63,86.75,86.43,86.48,57755.4723
2026-04-26 12:00:00+00:00,86.48,86.59,85.9,86.56,60063.7816
2026-04-26 16:00:00+00:00,86.56,87.24,86.28,86.87,53909.876
2026-04-26 20:00:00+00:00,86.87,87.32,86.17,86.92,84170.5915
2026-04-27 00:00:00+00:00,86.92,88.1,86.55,87.74,112720.2147
2026-04-27 04:00:00+00:00,87.74,87.85,85.27,85.28,142961.5514
2026-04-27 08:00:00+00:00,85.28,85.62,85.03,85.25,111031.0368
2026-04-27 12:00:00+00:00,85.25,85.85,83.65,84.16,166057.1545
2026-04-27 16:00:00+00:00,84.16,84.7,83.84,84.19,77357.8223
2026-04-27 20:00:00+00:00,84.19,84.9,84.12,84.82,34487.7009
2026-04-28 00:00:00+00:00,84.82,84.93,83.91,84.18,32908.7311
2026-04-28 04:00:00+00:00,84.18,84.44,83.64,84.03,70056.6625
2026-04-28 08:00:00+00:00,84.03,84.2,83.3,83.4,36853.1916
2026-04-28 12:00:00+00:00,83.4,84.02,82.98,83.47,58991.0462
2026-04-28 16:00:00+00:00,83.47,84.04,83.32,83.9,35616.9561
2026-04-28 20:00:00+00:00,83.9,84.17,83.58,84.08,74710.8142
2026-04-29 00:00:00+00:00,84.08,84.76,83.8,84.6,60508.9349
2026-04-29 04:00:00+00:00,84.6,85.08,84.45,84.7,51049.8093
2026-04-29 08:00:00+00:00,84.7,85.56,84.35,84.93,128477.2335
2026-04-29 12:00:00+00:00,84.93,84.93,83.0,83.25,135823.2596
2026-04-29 16:00:00+00:00,83.25,83.64,81.4,82.2,173645.1149
2026-04-29 20:00:00+00:00,82.2,83.23,82.17,83.06,77091.6756
2026-04-30 00:00:00+00:00,83.06,84.02,82.71,83.06,84505.8344
2026-04-30 04:00:00+00:00,83.06,83.4,82.18,83.36,44918.8524
2026-04-30 08:00:00+00:00,83.36,83.57,82.8,83.01,82627.4487
2026-04-30 12:00:00+00:00,83.01,83.85,82.69,83.36,82239.1336
2026-04-30 16:00:00+00:00,83.36,83.45,82.88,83.05,29486.1653
2026-04-30 20:00:00+00:00,83.05,83.2,82.8,83.1,24771.0207
2026-05-01 00:00:00+00:00,83.1,84.41,83.08,83.92,95779.6809
2026-05-01 04:00:00+00:00,83.92,84.27,83.67,83.97,85448.9677
2026-05-01 08:00:00+00:00,83.97,84.31,83.72,84.03,39857.5506
2026-05-01 12:00:00+00:00,84.03,84.86,83.88,84.48,83850.6326
2026-05-01 16:00:00+00:00,84.48,84.64,83.8,83.9,47186.5733
2026-05-01 20:00:00+00:00,83.9,83.94,83.33,83.77,60577.7043
2026-05-02 00:00:00+00:00,83.77,84.2,83.46,83.81,65007.7743
2026-05-02 04:00:00+00:00,83.81,83.86,83.54,83.73,14879.8735
2026-05-02 08:00:00+00:00,83.73,84.17,83.53,83.7,37430.116
2026-05-02 12:00:00+00:00,83.7,84.11,83.68,84.04,48567.2335
2026-05-02 16:00:00+00:00,84.04,84.31,83.94,84.23,19101.0175
2026-05-02 20:00:00+00:00,84.23,84.99,84.06,84.29,88004.8952
2026-05-03 00:00:00+00:00,84.29,84.34,83.6,83.67,53911.96
2026-05-03 04:00:00+00:00,83.67,84.0,83.58,83.86,23385.8687
2026-05-03 08:00:00+00:00,83.86,84.19,83.73,83.94,30310.3058
2026-05-03 12:00:00+00:00,83.94,84.43,83.94,84.15,26977.0308
2026-05-03 16:00:00+00:00,84.15,84.5,83.99,84.37,17724.3974
2026-05-03 20:00:00+00:00,84.37,84.97,83.86,83.91,71334.436
2026-05-04 00:00:00+00:00,83.91,85.62,83.36,85.41,122656.6721
2026-05-04 04:00:00+00:00,85.41,85.9,84.5,84.87,69568.9504
2026-05-04 08:00:00+00:00,84.87,85.19,83.27,83.95,99208.7079
2026-05-04 12:00:00+00:00,83.95,85.34,83.59,84.49,118731.7836
2026-05-04 16:00:00+00:00,84.49,85.2,83.98,84.44,87830.3005
2026-05-04 20:00:00+00:00,84.44,84.57,84.02,84.1,34967.0124
2026-05-05 00:00:00+00:00,84.1,84.96,84.04,84.78,23715.8399
2026-05-05 04:00:00+00:00,84.78,85.13,84.56,84.88,60605.5366
2026-05-05 08:00:00+00:00,84.88,85.0,84.44,84.98,40257.0695
2026-05-05 12:00:00+00:00,84.98,86.09,84.9,85.5,86072.1693
2026-05-05 16:00:00+00:00,85.5,86.56,85.04,86.5,94575.2728
2026-05-05 20:00:00+00:00,86.5,86.99,86.17,86.31,99324.6244
2026-05-06 00:00:00+00:00,86.31,87.47,86.12,87.32,85143.3667
2026-05-06 04:00:00+00:00,87.32,87.91,86.67,87.7,109075.8942
2026-05-06 08:00:00+00:00,87.7,90.06,87.65,89.88,155128.1489
2026-05-06 12:00:00+00:00,89.88,89.97,87.47,88.98,174211.4805
2026-05-06 16:00:00+00:00,88.98,89.53,88.5,89.25,103725.4278
2026-05-06 20:00:00+00:00,89.25,89.61,88.64,89.14,46804.8283
2026-05-07 00:00:00+00:00,89.14,89.26,87.66,87.78,83373.799
2026-05-07 04:00:00+00:00,87.78,90.42,87.71,90.15,146135.242
2026-05-07 08:00:00+00:00,90.15,90.25,88.76,89.57,100098.4541
2026-05-07 12:00:00+00:00,89.57,90.1,87.81,88.32,131788.1038
2026-05-07 16:00:00+00:00,88.32,89.08,87.96,88.42,93884.5132
2026-05-07 20:00:00+00:00,88.42,88.85,87.65,88.43,67377.3743
2026-05-08 00:00:00+00:00,88.43,88.65,87.63,88.24,35803.8188
2026-05-08 04:00:00+00:00,88.24,88.43,87.66,88.23,52815.7237
2026-05-08 08:00:00+00:00,88.23,88.76,88.01,88.64,60776.7367
2026-05-08 12:00:00+00:00,88.64,89.6,88.0,89.59,107690.0729
2026-05-08 16:00:00+00:00,89.59,92.79,89.35,92.59,224861.8556
2026-05-08 20:00:00+00:00,92.59,92.7,91.74,92.03,95629.7292
2026-05-09 00:00:00+00:00,92.03,93.82,91.83,93.62,185003.6557
2026-05-09 04:00:00+00:00,93.62,94.15,92.81,93.74,147888.5052
2026-05-09 08:00:00+00:00,93.74,93.95,93.06,93.61,63433.2153
2026-05-09 12:00:00+00:00,93.61,93.73,92.41,93.01,52726.813
2026-05-09 16:00:00+00:00,93.01,93.64,92.7,93.5,61093.3954
2026-05-09 20:00:00+00:00,93.5,93.55,93.04,93.13,32059.3247
2026-05-10 00:00:00+00:00,93.13,93.46,92.5,93.38,93327.4716
2026-05-10 04:00:00+00:00,93.38,93.61,93.21,93.42,46963.9676
2026-05-10 08:00:00+00:00,93.42,94.81,92.9,93.53,177994.0493
2026-05-10 12:00:00+00:00,93.53,94.75,93.19,94.53,79156.9187
2026-05-10 16:00:00+00:00,94.53,96.89,94.17,96.47,187525.492
2026-05-10 20:00:00+00:00,96.47,96.86,93.43,96.46,175385.2425
2026-05-11 00:00:00+00:00,96.46,96.68,94.49,94.78,145690.2958
2026-05-11 04:00:00+00:00,94.78,96.18,94.45,95.34,71430.6184
2026-05-11 08:00:00+00:00,95.34,95.59,94.59,95.28,78715.8492
2026-05-11 12:00:00+00:00,95.28,96.81,94.32,96.8,149521.6864
2026-05-11 16:00:00+00:00,96.8,98.37,96.5,98.19,188731.6746
2026-05-11 20:00:00+00:00,98.19,98.39,97.09,97.35,65884.6183
2026-05-12 00:00:00+00:00,97.35,97.66,95.55,96.14,71867.4639
2026-05-12 04:00:00+00:00,96.14,97.0,95.82,96.04,44186.2496
2026-05-12 08:00:00+00:00,96.04,96.14,94.61,94.99,152180.6408
2026-05-12 12:00:00+00:00,94.99,95.57,93.62,93.86,124324.9031
2026-05-12 16:00:00+00:00,93.86,95.0,93.61,94.92,78260.262
2026-05-12 20:00:00+00:00,94.92,95.03,94.24,94.3,25136.7033
2026-05-13 00:00:00+00:00,94.3,95.59,94.05,95.57,34012.5234
2026-05-13 04:00:00+00:00,95.57,96.0,94.88,95.13,110074.6993
2026-05-13 08:00:00+00:00,95.13,95.89,94.24,94.32,69392.9079
2026-05-13 12:00:00+00:00,94.32,94.64,90.29,90.44,271625.9985
2026-05-13 16:00:00+00:00,90.44,91.42,90.42,90.98,84823.826
2026-05-13 20:00:00+00:00,90.98,91.36,90.65,91.16,54039.5728
2026-05-14 00:00:00+00:00,91.16,91.43,89.81,89.93,73953.3929
2026-05-14 04:00:00+00:00,89.93,91.71,89.87,90.88,83849.3273
2026-05-14 08:00:00+00:00,90.88,91.31,90.6,90.64,37951.1073
2026-05-14 12:00:00+00:00,90.64,93.22,90.54,93.14,94332.7415
2026-05-14 16:00:00+00:00,93.14,93.66,92.3,92.9,131493.552
2026-05-14 20:00:00+00:00,92.9,92.99,92.14,92.17,46501.3199
2026-05-15 00:00:00+00:00,92.17,92.65,91.41,92.05,122310.7972
2026-05-15 04:00:00+00:00,92.05,92.06,90.27,91.58,127133.3117
2026-05-15 08:00:00+00:00,91.58,91.75,90.91,91.26,74512.1524
2026-05-15 12:00:00+00:00,91.26,91.27,88.54,89.05,121442.4318
2026-05-15 16:00:00+00:00,89.05,90.09,88.81,89.43,55394.8308
2026-05-15 20:00:00+00:00,89.43,89.52,88.99,89.24,23329.8941
2026-05-16 00:00:00+00:00,89.24,89.44,88.95,89.05,21227.5593
2026-05-16 04:00:00+00:00,89.05,89.08,86.74,87.47,116771.7019
2026-05-16 08:00:00+00:00,87.47,87.65,85.52,86.11,120917.7042
2026-05-16 12:00:00+00:00,86.11,86.71,86.01,86.49,47830.5304
2026-05-16 16:00:00+00:00,86.49,86.99,86.37,86.7,30353.3477
2026-05-16 20:00:00+00:00,86.7,86.94,86.45,86.54,16116.0642
2026-05-17 00:00:00+00:00,86.54,86.73,85.58,86.51,87666.8564
2026-05-17 04:00:00+00:00,86.51,87.29,86.47,87.0,50300.8077
2026-05-17 08:00:00+00:00,87.0,87.28,86.61,86.9,55134.8606
2026-05-17 12:00:00+00:00,86.9,87.02,85.95,86.46,38671.1027
2026-05-17 16:00:00+00:00,86.46,86.93,86.0,86.79,46466.9103
2026-05-17 20:00:00+00:00,86.79,86.97,83.4,85.23,140339.4275
2026-05-18 00:00:00+00:00,85.23,85.48,84.4,84.85,92663.7662
2026-05-18 04:00:00+00:00,84.85,85.37,84.26,84.75,102028.7666
2026-05-18 08:00:00+00:00,84.75,85.32,84.08,84.97,66948.5879
2026-05-18 12:00:00+00:00,84.97,85.8,83.6,84.18,133363.5463
2026-05-18 16:00:00+00:00,84.18,85.25,83.49,85.01,111695.9995
2026-05-18 20:00:00+00:00,85.01,85.78,84.8,85.37,78214.0348
2026-05-19 00:00:00+00:00,85.37,85.96,84.61,85.07,37796.5196
2026-05-19 04:00:00+00:00,85.07,85.63,84.48,85.49,58457.944
2026-05-19 08:00:00+00:00,85.49,85.6,84.27,84.38,118407.329
2026-05-19 12:00:00+00:00,84.38,85.09,83.67,84.37,52541.3452
2026-05-19 16:00:00+00:00,84.37,85.04,84.14,84.35,38939.7315
2026-05-19 20:00:00+00:00,84.35,84.68,84.01,84.31,39293.4658
2026-05-20 00:00:00+00:00,84.31,84.54,83.84,84.09,24622.4641
2026-05-20 04:00:00+00:00,84.09,85.12,83.86,84.76,35899.3932
2026-05-20 08:00:00+00:00,84.76,85.21,84.59,84.7,38654.7106
2026-05-20 12:00:00+00:00,84.7,86.28,84.17,85.9,153271.0336
2026-05-20 16:00:00+00:00,85.9,87.07,85.53,86.17,150875.5397
2026-05-20 20:00:00+00:00,86.17,86.34,85.55,86.16,61245.0327
2026-05-21 00:00:00+00:00,86.16,87.03,86.1,86.84,40751.8259
2026-05-21 04:00:00+00:00,86.84,87.21,86.21,86.63,77350.3709
2026-05-21 08:00:00+00:00,86.63,87.21,85.58,85.6,70726.7898
2026-05-21 12:00:00+00:00,85.6,86.89,85.31,86.46,123544.5454
2026-05-21 16:00:00+00:00,86.46,88.0,86.04,87.83,211123.0958
2026-05-21 20:00:00+00:00,87.83,87.92,87.01,87.34,35834.3639
2026-05-22 00:00:00+00:00,87.34,87.35,86.6,87.04,21946.1001
2026-05-22 04:00:00+00:00,87.04,87.38,86.52,86.99,48112.6392
2026-05-22 08:00:00+00:00,86.99,87.53,86.72,87.34,48295.2192
2026-05-22 12:00:00+00:00,87.34,87.88,86.27,86.78,132891.2473
2026-05-22 16:00:00+00:00,86.78,87.19,83.99,84.54,277458.9543
2026-05-22 20:00:00+00:00,84.54,85.3,84.01,84.4,106397.8193
2026-05-23 00:00:00+00:00,84.4,84.75,84.06,84.68,46532.8526
2026-05-23 04:00:00+00:00,84.68,84.71,81.43,82.24,224932.8476
2026-05-23 08:00:00+00:00,82.24,82.47,81.71,82.29,111537.1235
2026-05-23 12:00:00+00:00,82.29,84.53,82.14,84.08,137787.4733
2026-05-23 16:00:00+00:00,84.08,85.16,83.94,84.95,123667.1449
2026-05-23 20:00:00+00:00,84.95,87.5,84.79,85.76,200155.6946
2026-05-24 00:00:00+00:00,85.76,86.22,85.61,85.8,37571.8713
2026-05-24 04:00:00+00:00,85.8,86.71,85.57,86.08,67128.5848
2026-05-24 08:00:00+00:00,86.08,87.05,86.01,86.66,109271.6454
2026-05-24 12:00:00+00:00,86.66,86.68,84.46,85.31,106594.3718
2026-05-24 16:00:00+00:00,85.31,85.9,85.17,85.37,43594.4931
2026-05-24 20:00:00+00:00,85.37,85.52,83.69,85.26,127891.8074
2026-05-25 00:00:00+00:00,85.26,85.78,84.78,84.93,67802.612
2026-05-25 04:00:00+00:00,84.93,86.2,84.93,85.98,73244.0843
2026-05-25 08:00:00+00:00,85.98,86.23,85.69,85.75,49631.5489
2026-05-25 12:00:00+00:00,85.75,86.54,85.65,86.24,51626.618
2026-05-25 16:00:00+00:00,86.24,86.44,85.54,85.65,46307.3759
2026-05-25 20:00:00+00:00,85.65,85.89,84.71,85.05,46017.18
2026-05-26 00:00:00+00:00,85.05,85.09,83.84,84.21,69619.9558
2026-05-26 04:00:00+00:00,84.21,84.97,84.0,84.36,74666.4317
2026-05-26 08:00:00+00:00,84.36,85.82,84.3,85.23,72561.2118
2026-05-26 12:00:00+00:00,85.23,86.14,84.03,84.5,153942.7026
2026-05-26 16:00:00+00:00,84.5,84.58,83.15,83.78,131293.6944
2026-05-26 20:00:00+00:00,83.78,83.98,83.51,83.71,32809.9615
2026-05-27 00:00:00+00:00,83.71,84.19,83.49,83.62,26210.6279
2026-05-27 04:00:00+00:00,83.62,84.21,82.85,84.2,55647.4403
2026-05-27 08:00:00+00:00,84.2,84.42,83.62,83.93,29558.3478
2026-05-27 12:00:00+00:00,83.93,84.82,82.98,84.43,124489.0072
2026-05-27 16:00:00+00:00,84.43,84.75,83.17,83.92,86524.2951
2026-05-27 20:00:00+00:00,83.92,84.16,82.12,82.44,95155.2025
2026-05-28 00:00:00+00:00,82.44,82.77,80.5,80.71,192705.9804
2026-05-28 04:00:00+00:00,80.71,81.29,80.0,81.25,135926.9942
2026-05-28 08:00:00+00:00,81.25,81.31,80.6,80.86,65697.6498
2026-05-28 12:00:00+00:00,80.86,81.66,80.0,81.14,153134.3465
2026-05-28 16:00:00+00:00,81.14,83.0,80.92,82.19,104044.2786
2026-05-28 20:00:00+00:00,82.19,82.68,81.77,82.12,46027.4326
2026-05-29 00:00:00+00:00,82.12,82.49,81.48,81.62,29830.8845
2026-05-29 04:00:00+00:00,81.62,82.49,81.38,82.23,37023.089
2026-05-29 08:00:00+00:00,82.23,82.64,81.52,81.77,55863.6649
2026-05-29 12:00:00+00:00,81.77,83.23,80.36,82.57,197685.8961
2026-05-29 16:00:00+00:00,82.57,83.22,81.59,82.07,120753.5883
2026-05-29 20:00:00+00:00,82.07,82.4,81.61,82.03,42932.1591
2026-05-30 00:00:00+00:00,82.03,83.1,81.93,82.67,32156.675
2026-05-30 04:00:00+00:00,82.67,82.81,81.86,82.39,67116.5662
2026-05-30 08:00:00+00:00,82.39,82.56,82.2,82.33,21801.7425
2026-05-30 12:00:00+00:00,82.33,82.92,82.25,82.7,44627.8698
2026-05-30 16:00:00+00:00,82.7,83.14,82.62,82.99,43348.4822
2026-05-30 20:00:00+00:00,82.99,83.19,82.46,82.74,42763.8698
2026-05-31 00:00:00+00:00,82.74,83.42,82.63,83.25,45613.5263
2026-05-31 04:00:00+00:00,83.25,83.31,82.51,82.67,27325.1061
2026-05-31 08:00:00+00:00,82.67,83.06,82.48,82.76,38136.1063
2026-05-31 12:00:00+00:00,82.76,83.14,81.79,81.88,81500.2006
2026-05-31 16:00:00+00:00,81.88,82.05,81.33,81.58,68270.2746
2026-05-31 20:00:00+00:00,81.58,82.92,81.58,82.44,63233.6001
2026-06-01 00:00:00+00:00,82.44,83.09,81.6,82.62,79590.1277
2026-06-01 04:00:00+00:00,82.62,82.78,80.64,80.73,87852.5748
2026-06-01 08:00:00+00:00,80.73,81.29,80.46,80.82,67754.4786
2026-06-01 12:00:00+00:00,80.82,81.07,79.2,79.62,254150.4933
2026-06-01 16:00:00+00:00,79.62,81.31,79.12,81.2,155968.8115
2026-06-01 20:00:00+00:00,81.2,81.65,80.34,81.27,122978.6875
2026-06-02 00:00:00+00:00,81.27,81.29,79.4,80.92,83508.1627
2026-06-02 04:00:00+00:00,80.92,81.02,79.13,79.66,132414.3826
2026-06-02 08:00:00+00:00,79.66,79.81,78.78,78.93,95890.17
2026-06-02 12:00:00+00:00,78.93,79.24,75.52,76.37,440927.0607
2026-06-02 16:00:00+00:00,76.37,77.66,74.45,75.52,310780.6101
2026-06-02 20:00:00+00:00,75.52,76.08,72.71,74.23,372120.9106
2026-06-03 00:00:00+00:00,74.23,75.12,72.25,72.69,334589.0229
2026-06-03 04:00:00+00:00,72.69,75.43,72.67,75.27,240000.5673
2026-06-03 08:00:00+00:00,75.27,75.71,74.71,75.12,134949.8743
2026-06-03 12:00:00+00:00,75.12,75.39,73.23,73.29,235614.203
2026-06-03 16:00:00+00:00,73.29,74.13,71.69,71.99,435856.1277
2026-06-03 20:00:00+00:00,71.99,73.17,70.85,71.62,479804.1308
2026-06-04 00:00:00+00:00,71.62,72.1,66.65,71.47,1215323.4684
2026-06-04 04:00:00+00:00,71.47,71.81,69.12,69.15,302666.0086
2026-06-04 08:00:00+00:00,69.15,69.44,67.39,68.68,640501.2846
2026-06-04 12:00:00+00:00,68.68,70.64,68.3,69.63,571380.2855
2026-06-04 16:00:00+00:00,69.63,69.9,68.47,69.09,293725.6643
2026-06-04 20:00:00+00:00,69.09,69.13,67.57,68.87,220233.7558
2026-06-05 00:00:00+00:00,68.87,69.11,66.93,67.09,413700.0972
2026-06-05 04:00:00+00:00,67.09,68.1,63.82,66.19,1252326.6456
2026-06-05 08:00:00+00:00,66.19,66.81,65.08,66.07,425390.0759
2026-06-05 12:00:00+00:00,66.07,66.84,63.76,64.24,1008749.6699
2026-06-05 16:00:00+00:00,64.24,66.06,61.47,63.44,865139.5764
2026-06-05 20:00:00+00:00,63.44,65.41,62.66,63.63,352227.1579
2026-06-06 00:00:00+00:00,63.63,64.86,62.57,62.84,133695.0265
2026-06-06 04:00:00+00:00,62.84,63.37,60.11,62.79,452476.5575
2026-06-06 08:00:00+00:00,62.79,63.64,61.19,62.47,284392.3328
2026-06-06 12:00:00+00:00,62.47,63.1,61.3,62.03,272676.5889
2026-06-06 16:00:00+00:00,62.03,62.4,61.36,61.64,451661.1118
2026-06-06 20:00:00+00:00,61.64,62.36,61.35,62.2,183395.1002
2026-06-07 00:00:00+00:00,62.2,64.14,61.96,63.83,199496.2026
2026-06-07 04:00:00+00:00,63.83,65.01,63.31,64.91,184179.5853
2026-06-07 08:00:00+00:00,64.91,66.1,64.43,65.04,207407.8676
2026-06-07 12:00:00+00:00,65.04,65.35,63.65,64.99,196884.4383
2026-06-07 16:00:00+00:00,64.99,65.61,63.63,63.95,223627.4343
2026-06-07 20:00:00+00:00,63.95,67.92,63.74,66.5,370804.6144
2026-06-08 00:00:00+00:00,66.5,67.11,65.4,66.35,297066.2962
2026-06-08 04:00:00+00:00,66.35,66.41,64.98,66.11,148189.9944
2026-06-08 08:00:00+00:00,66.11,67.06,65.44,66.68,213146.4935
2026-06-08 12:00:00+00:00,66.68,67.82,65.99,67.17,462789.6844
2026-06-08 16:00:00+00:00,67.17,67.83,66.54,67.45,166503.0103
2026-06-08 20:00:00+00:00,67.45,68.17,66.64,66.82,148666.8297
2026-06-09 00:00:00+00:00,66.82,66.88,65.28,66.02,215162.7982
2026-06-09 04:00:00+00:00,66.02,67.48,65.81,66.91,310526.4862
2026-06-09 08:00:00+00:00,66.91,66.93,65.9,66.12,198852.6956
2026-06-09 12:00:00+00:00,66.12,66.53,64.27,64.34,359826.8353
2026-06-09 16:00:00+00:00,64.34,65.67,63.54,65.42,247640.7011
2026-06-09 20:00:00+00:00,65.42,65.71,64.69,64.98,101471.7511
2026-06-10 00:00:00+00:00,64.98,65.31,64.25,64.53,169436.5573
2026-06-10 04:00:00+00:00,64.53,64.78,63.83,64.5,109320.7501
2026-06-10 08:00:00+00:00,64.5,64.53,62.94,63.54,255430.5426
2026-06-10 12:00:00+00:00,63.54,65.77,63.31,65.46,658097.3704
2026-06-10 16:00:00+00:00,65.46,65.48,63.36,63.55,470017.3287
2026-06-10 20:00:00+00:00,63.55,63.67,62.33,63.19,302062.7311
2026-06-11 00:00:00+00:00,63.19,65.5,63.19,65.28,454584.8786
2026-06-11 04:00:00+00:00,65.28,65.45,64.78,65.05,138831.2145
2026-06-11 08:00:00+00:00,65.05,66.16,65.03,65.89,198761.8256
2026-06-11 12:00:00+00:00,65.89,65.93,64.91,65.57,308551.398
2026-06-11 16:00:00+00:00,65.57,67.4,65.06,66.95,348679.787
2026-06-11 20:00:00+00:00,66.95,67.15,66.38,66.92,115220.0711
2026-06-12 00:00:00+00:00,66.92,67.31,66.41,67.05,112147.7169
2026-06-12 04:00:00+00:00,67.05,67.26,65.96,66.32,139652.4044
2026-06-12 08:00:00+00:00,66.32,67.49,66.32,66.93,117974.4071
2026-06-12 12:00:00+00:00,66.93,68.82,66.37,67.25,422921.712
2026-06-12 16:00:00+00:00,67.25,68.24,66.69,66.78,238315.7143
2026-06-12 20:00:00+00:00,66.78,66.95,66.46,66.82,128475.048
2026-06-13 00:00:00+00:00,66.82,67.52,66.69,66.87,69976.6526
2026-06-13 04:00:00+00:00,66.87,67.49,66.56,67.36,86759.4371
2026-06-13 08:00:00+00:00,67.36,67.96,67.26,67.92,64591.4225
2026-06-13 12:00:00+00:00,67.92,68.7,67.79,68.6,129208.2049
2026-06-13 16:00:00+00:00,68.6,68.64,67.83,68.23,97552.6568
2026-06-13 20:00:00+00:00,68.23,69.58,68.06,68.92,130301.3549
2026-06-14 00:00:00+00:00,68.92,69.11,68.65,68.95,45386.5893
2026-06-14 04:00:00+00:00,68.95,69.01,68.03,68.22,55060.3272
2026-06-14 08:00:00+00:00,68.22,68.52,67.92,68.1,26996.1749
2026-06-14 12:00:00+00:00,68.1,68.17,66.96,67.44,56725.8246
2026-06-14 16:00:00+00:00,67.44,67.75,67.2,67.55,25618.3585
2026-06-14 20:00:00+00:00,67.55,71.29,67.45,71.27,239770.232
2026-06-15 00:00:00+00:00,71.27,71.73,70.69,71.25,143901.686
2026-06-15 04:00:00+00:00,71.25,71.52,70.82,71.27,57631.2791
2026-06-15 08:00:00+00:00,71.27,72.85,70.81,72.61,175324.4695
2026-06-15 12:00:00+00:00,72.61,75.26,72.32,75.26,205371.3514
2026-06-15 16:00:00+00:00,75.26,76.08,74.57,75.26,223066.3144
2026-06-15 20:00:00+00:00,75.26,75.46,73.62,73.98,104733.6266
2026-06-16 00:00:00+00:00,73.98,74.4,72.77,73.75,102064.7808
2026-06-16 04:00:00+00:00,73.75,74.53,73.2,74.47,79193.7051
2026-06-16 08:00:00+00:00,74.47,75.64,74.34,74.67,69729.5363
2026-06-16 12:00:00+00:00,74.67,75.55,72.34,73.29,170530.9831
2026-06-16 16:00:00+00:00,73.29,74.34,73.01,73.85,90179.532
2026-06-16 20:00:00+00:00,73.85,74.26,73.43,73.53,45434.7273
2026-06-17 00:00:00+00:00,73.53,74.47,73.18,73.69,46668.3664
2026-06-17 04:00:00+00:00,73.69,74.12,73.01,73.28,69439.7503
2026-06-17 08:00:00+00:00,73.28,73.31,71.72,72.03,68147.8799
2026-06-17 12:00:00+00:00,72.03,73.88,71.59,73.83,119371.5485
2026-06-17 16:00:00+00:00,73.83,74.69,71.43,71.66,313460.7935
2026-06-17 20:00:00+00:00,71.66,72.25,70.83,72.04,92486.7791
2026-06-18 00:00:00+00:00,72.04,72.68,71.54,71.66,54769.3106
2026-06-18 04:00:00+00:00,71.66,71.84,70.64,71.77,61795.7091
2026-06-18 08:00:00+00:00,71.77,72.15,70.72,70.93,88304.8408
2026-06-18 12:00:00+00:00,70.93,71.79,68.36,68.44,271528.5618
2026-06-18 16:00:00+00:00,68.44,69.52,68.23,69.37,296311.3039
2026-06-18 20:00:00+00:00,69.37,69.95,69.26,69.72,68846.5608
2026-06-19 00:00:00+00:00,69.72,70.08,68.65,69.06,74968.0147
2026-06-19 04:00:00+00:00,69.06,69.27,67.98,68.39,87961.7848
2026-06-19 08:00:00+00:00,68.39,68.75,68.05,68.24,77949.7675
2026-06-19 12:00:00+00:00,68.24,69.55,67.85,69.33,132564.7767
2026-06-19 16:00:00+00:00,69.33,69.57,68.64,68.96,64856.5895
2026-06-19 20:00:00+00:00,68.96,69.88,68.72,69.72,71906.5092
2026-06-20 00:00:00+00:00,69.72,70.15,69.49,70.0,53180.9186
2026-06-20 04:00:00+00:00,70.0,72.46,69.88,71.59,109913.5428
2026-06-20 08:00:00+00:00,71.59,72.1,71.21,71.78,27710.054
2026-06-20 12:00:00+00:00,71.78,72.64,70.49,72.04,102902.6952
2026-06-20 16:00:00+00:00,72.04,72.06,71.09,71.87,58232.3583
2026-06-20 20:00:00+00:00,71.87,74.29,71.72,73.21,118891.887
2026-06-21 00:00:00+00:00,73.21,73.86,72.89,73.63,56177.7427
2026-06-21 04:00:00+00:00,73.63,73.85,73.01,73.22,53689.8311
2026-06-21 08:00:00+00:00,73.22,74.4,72.75,73.2,80394.1525
2026-06-21 12:00:00+00:00,73.2,74.31,72.93,74.15,95919.5092
2026-06-21 16:00:00+00:00,74.15,74.69,73.82,74.44,71899.517
2026-06-21 20:00:00+00:00,74.44,74.56,72.3,72.47,96625.0354
2026-06-22 00:00:00+00:00,72.47,75.0,72.46,73.53,82439.6854
2026-06-22 04:00:00+00:00,73.53,74.5,73.36,74.1,81215.7063
2026-06-22 08:00:00+00:00,74.1,74.44,73.58,74.19,108607.0639
2026-06-22 12:00:00+00:00,74.19,75.01,72.98,73.14,150922.6538
2026-06-22 16:00:00+00:00,73.14,73.57,72.45,72.7,102106.5275
2026-06-22 20:00:00+00:00,72.7,72.96,71.32,71.97,116383.8859
2026-06-23 00:00:00+00:00,71.97,72.04,71.29,71.99,81866.2091
2026-06-23 04:00:00+00:00,71.99,72.02,69.66,70.02,140358.4267
2026-06-23 08:00:00+00:00,70.02,70.11,68.16,69.31,194556.7835
2026-06-23 12:00:00+00:00,69.31,69.67,68.39,68.93,171874.414
2026-06-23 16:00:00+00:00,68.93,69.4,68.63,68.84,98503.1317
2026-06-23 20:00:00+00:00,68.84,69.82,68.83,69.7,67275.628
2026-06-24 00:00:00+00:00,69.7,70.38,69.1,69.55,104336.3661
2026-06-24 04:00:00+00:00,69.55,70.21,68.99,69.37,81869.7239
2026-06-24 08:00:00+00:00,69.37,70.45,68.77,69.8,127841.0446
2026-06-24 12:00:00+00:00,69.8,69.92,67.26,67.32,239111.2394
2026-06-24 16:00:00+00:00,67.32,68.03,64.71,66.12,351860.8149
2026-06-24 20:00:00+00:00,66.12,68.57,65.98,68.11,142407.4467
2026-06-25 00:00:00+00:00,68.11,68.32,67.41,67.69,33652.5762
2026-06-25 04:00:00+00:00,67.69,69.65,67.49,69.44,93964.5182
2026-06-25 08:00:00+00:00,69.44,69.44,68.0,68.18,119946.3631
2026-06-25 12:00:00+00:00,68.18,68.92,64.02,66.3,527202.1062
2026-06-25 16:00:00+00:00,66.3,67.37,65.66,66.21,197627.4077
2026-06-25 20:00:00+00:00,66.21,68.81,66.07,67.71,161572.7746
2026-06-26 00:00:00+00:00,67.71,68.5,65.92,68.22,165306.0958
2026-06-26 04:00:00+00:00,68.22,71.0,67.98,70.79,190042.8357
2026-06-26 08:00:00+00:00,70.79,70.89,68.4,68.6,168910.8583
2026-06-26 12:00:00+00:00,68.6,72.26,68.21,72.07,326733.6498
2026-06-26 16:00:00+00:00,72.07,73.94,72.03,73.02,245877.8034
2026-06-26 20:00:00+00:00,73.02,73.68,71.44,71.9,134496.3119
2026-06-27 00:00:00+00:00,71.9,72.49,71.37,72.25,71983.1524
2026-06-27 04:00:00+00:00,72.25,72.58,71.51,72.3,57999.3952
2026-06-27 08:00:00+00:00,72.3,72.32,71.54,71.8,35419.2013
2026-06-27 12:00:00+00:00,71.8,73.19,71.66,72.85,57833.43
2026-06-27 16:00:00+00:00,72.85,73.01,70.94,71.1,82173.9636
2026-06-27 20:00:00+00:00,71.1,71.63,70.25,70.49,63814.2348
2026-06-28 00:00:00+00:00,70.49,71.0,70.43,70.86,28241.8282
2026-06-28 04:00:00+00:00,70.86,71.09,70.15,71.07,30558.1884
2026-06-28 08:00:00+00:00,71.07,72.2,71.05,71.91,71815.79
2026-06-28 12:00:00+00:00,71.91,72.42,71.34,72.09,57448.1923
2026-06-28 16:00:00+00:00,72.09,72.14,70.25,70.71,85286.2624
2026-06-28 20:00:00+00:00,70.71,71.77,69.72,71.4,201192.9738
2026-06-29 00:00:00+00:00,71.4,73.34,70.36,72.68,166282.6997
2026-06-29 04:00:00+00:00,72.68,73.12,71.03,72.72,117191.8966
2026-06-29 08:00:00+00:00,72.72,73.68,72.25,72.52,138130.4627
2026-06-29 12:00:00+00:00,72.52,74.54,72.12,73.89,394620.6279
2026-06-29 16:00:00+00:00,73.89,76.48,72.91,75.99,269474.7478
2026-06-29 20:00:00+00:00,75.99,76.01,74.9,75.16,64373.5292
2026-06-30 00:00:00+00:00,75.16,75.24,74.05,74.2,61999.7488
2026-06-30 04:00:00+00:00,74.2,74.26,73.68,74.15,63351.8749
2026-06-30 08:00:00+00:00,74.15,74.21,73.33,73.39,82386.2192
2026-06-30 12:00:00+00:00,73.39,74.11,71.9,73.13,167729.1479
2026-06-30 16:00:00+00:00,73.13,73.97,72.74,73.75,93785.4098
2026-06-30 20:00:00+00:00,73.75,73.94,73.2,73.67,55373.521
2026-07-01 00:00:00+00:00,73.67,75.71,72.25,75.47,145720.8132
2026-07-01 04:00:00+00:00,75.47,75.87,73.97,74.88,107344.2474
2026-07-01 08:00:00+00:00,74.88,75.58,74.47,74.84,104643.0157
2026-07-01 12:00:00+00:00,74.84,77.83,74.26,77.44,234073.0775
2026-07-01 16:00:00+00:00,77.44,78.24,76.81,77.01,139814.3387
2026-07-01 20:00:00+00:00,77.01,78.96,76.61,77.47,137752.2215
2026-07-02 00:00:00+00:00,77.47,79.0,76.91,78.73,101896.6794
2026-07-02 04:00:00+00:00,78.73,78.74,77.6,77.99,72929.4431
2026-07-02 08:00:00+00:00,77.99,82.77,77.95,82.39,263739.7033
2026-07-02 12:00:00+00:00,82.39,82.45,80.1,80.86,252021.7391
2026-07-02 16:00:00+00:00,80.86,81.31,80.17,80.85,105685.3318
2026-07-02 20:00:00+00:00,80.85,81.17,80.42,80.72,42652.1052
2026-07-03 00:00:00+00:00,80.72,81.69,80.35,80.74,56868.7229
2026-07-03 04:00:00+00:00,80.74,81.52,80.47,81.23,32242.9974
2026-07-03 08:00:00+00:00,81.23,81.87,80.68,81.56,92994.6681
2026-07-03 12:00:00+00:00,81.56,82.05,80.93,81.21,74211.6221
2026-07-03 16:00:00+00:00,81.21,83.23,81.06,82.49,81803.0606
2026-07-03 20:00:00+00:00,82.49,83.03,82.17,82.34,57304.2821
2026-07-04 00:00:00+00:00,82.34,82.87,81.82,82.73,35369.8313
2026-07-04 04:00:00+00:00,82.73,83.98,82.28,82.71,67431.9124
2026-07-04 08:00:00+00:00,82.71,82.78,81.43,81.82,56157.5169
2026-07-04 12:00:00+00:00,81.82,82.41,81.36,82.23,61715.8395
2026-07-04 16:00:00+00:00,82.23,82.82,81.72,81.88,69777.5798
2026-07-04 20:00:00+00:00,81.88,82.22,81.45,81.79,26270.6048
2026-07-05 00:00:00+00:00,81.79,81.82,80.2,80.56,63176.9429
2026-07-05 04:00:00+00:00,80.56,80.87,80.25,80.71,32869.7209
2026-07-05 08:00:00+00:00,80.71,80.97,79.69,80.56,75051.8883
2026-07-05 12:00:00+00:00,80.56,81.75,80.36,81.35,95131.5584
2026-07-05 16:00:00+00:00,81.35,81.52,80.82,81.03,45568.2282
2026-07-05 20:00:00+00:00,81.03,82.42,80.79,81.59,61701.3809
2026-07-06 00:00:00+00:00,81.59,82.33,80.46,80.81,59242.557
2026-07-06 04:00:00+00:00,80.81,81.04,80.17,80.83,56904.7474
2026-07-06 08:00:00+00:00,80.83,81.1,80.07,80.41,42095.3372
2026-07-06 12:00:00+00:00,80.41,81.55,79.25,81.49,192138.0625
2026-07-06 16:00:00+00:00,81.49,82.42,81.28,82.07,105457.2616
2026-07-06 20:00:00+00:00,82.07,83.78,81.65,81.96,116128.3082
2026-07-07 00:00:00+00:00,81.96,82.49,80.97,81.07,71424.0324
2026-07-07 04:00:00+00:00,81.07,81.75,80.48,81.5,46184.0944
2026-07-07 08:00:00+00:00,81.5,81.59,80.78,81.32,74263.1925
2026-07-07 12:00:00+00:00,81.32,82.35,80.52,82.12,77963.2134
2026-07-07 16:00:00+00:00,82.12,82.79,80.76,81.37,85539.9629
2026-07-07 20:00:00+00:00,81.37,81.49,80.35,80.58,105545.387
2026-07-08 00:00:00+00:00,80.58,80.77,78.22,78.72,105835.3969
2026-07-08 04:00:00+00:00,78.72,78.94,77.81,78.3,61299.3869
2026-07-08 08:00:00+00:00,78.3,78.43,76.89,77.55,105078.3002
2026-07-08 12:00:00+00:00,77.55,77.65,76.3,76.75,119964.3918
2026-07-08 16:00:00+00:00,76.75,77.66,76.75,77.42,49119.1951
2026-07-08 20:00:00+00:00,77.42,77.96,76.93,77.84,57091.2775
2026-07-09 00:00:00+00:00,77.84,78.78,76.71,77.38,60883.4839
2026-07-09 04:00:00+00:00,77.38,78.82,77.23,78.2,57939.2293
2026-07-09 08:00:00+00:00,78.2,78.41,77.34,77.63,52204.0314
2026-07-09 12:00:00+00:00,77.63,78.49,77.36,77.62,93219.5701
2026-07-09 16:00:00+00:00,77.62,78.44,77.25,78.15,50301.9257
2026-07-09 20:00:00+00:00,78.15,78.3,77.78,78.05,25474.0912
2026-07-10 00:00:00+00:00,78.05,79.45,77.81,79.05,92013.894
2026-07-10 04:00:00+00:00,79.05,79.36,78.75,78.86,27484.9614
2026-07-10 08:00:00+00:00,78.86,79.65,78.81,79.38,76635.2726
2026-07-10 12:00:00+00:00,79.38,79.56,77.06,78.15,136062.7162
2026-07-10 16:00:00+00:00,78.15,78.25,77.33,77.89,44741.5801
2026-07-10 20:00:00+00:00,77.89,78.26,77.71,78.13,29282.0932
2026-07-11 00:00:00+00:00,78.13,78.15,77.48,77.79,42106.8195
2026-07-11 04:00:00+00:00,77.79,78.12,77.6,78.0,18747.9209
2026-07-11 08:00:00+00:00,78.0,78.35,77.76,78.1,57366.5756
2026-07-11 12:00:00+00:00,78.1,78.88,77.92,78.38,44097.2748
2026-07-11 16:00:00+00:00,78.38,78.4,77.66,78.15,47276.2398
2026-07-11 20:00:00+00:00,78.15,78.34,76.79,76.8,54990.7116
2026-07-12 00:00:00+00:00,76.8,77.09,75.65,77.04,92980.5611
2026-07-12 04:00:00+00:00,77.04,77.07,75.85,76.53,44449.1425
2026-07-12 08:00:00+00:00,76.53,77.27,76.4,76.95,28329.1876
2026-07-12 12:00:00+00:00,76.95,77.71,76.79,77.47,37204.0378
2026-07-12 16:00:00+00:00,77.47,77.8,77.24,77.68,19499.0696
2026-07-12 20:00:00+00:00,77.68,77.73,76.47,76.92,32218.199
2026-07-13 00:00:00+00:00,76.92,78.22,75.44,75.87,92035.2529
2026-07-13 04:00:00+00:00,75.87,76.7,75.72,76.45,82044.7499
2026-07-13 08:00:00+00:00,76.45,76.88,76.11,76.33,79356.0116
2026-07-13 12:00:00+00:00,76.33,76.39,75.1,75.84,114882.9204
2026-07-13 16:00:00+00:00,75.84,76.05,74.54,75.19,94998.7172
2026-07-13 20:00:00+00:00,75.19,75.34,74.11,75.0,70824.5907
2026-07-14 00:00:00+00:00,75.0,75.55,74.56,75.14,31139.6162
2026-07-14 04:00:00+00:00,75.14,75.47,74.91,74.96,25381.3238
2026-07-14 08:00:00+00:00,74.96,75.6,74.85,75.4,32951.0885
2026-07-14 12:00:00+00:00,75.4,77.93,75.19,77.37,224699.8612
2026-07-14 16:00:00+00:00,77.37,77.66,76.82,77.18,114967.1544
2026-07-14 20:00:00+00:00,77.18,77.95,76.95,77.87,58287.6038
2026-07-15 00:00:00+00:00,77.87,77.93,77.05,77.8,43617.6621
2026-07-15 04:00:00+00:00,77.8,78.69,77.4,77.4,100133.8528
2026-07-15 08:00:00+00:00,77.4,77.91,77.22,77.52,68744.4755
2026-07-15 12:00:00+00:00,77.52,79.02,77.27,78.06,134120.8098
2026-07-15 16:00:00+00:00,78.06,78.11,76.94,77.18,72264.7095
2026-07-15 20:00:00+00:00,77.18,77.73,77.09,77.28,34817.4673
2026-07-16 00:00:00+00:00,77.28,77.48,76.7,76.94,36815.6
2026-07-16 04:00:00+00:00,76.94,77.62,76.2,76.44,58147.5075
2026-07-16 08:00:00+00:00,76.44,76.54,75.64,76.26,60811.9311
2026-07-16 12:00:00+00:00,76.26,76.87,75.71,76.62,59496.8614
2026-07-16 16:00:00+00:00,76.62,76.62,75.4,75.83,62821.6153
2026-07-16 20:00:00+00:00,75.83,76.08,75.01,75.3,40685.4545
2026-07-17 00:00:00+00:00,75.3,75.74,74.74,75.22,38103.8533
2026-07-17 04:00:00+00:00,75.22,75.34,74.3,74.63,44326.8632
2026-07-17 08:00:00+00:00,74.63,75.01,74.2,74.85,38718.1629
2026-07-17 12:00:00+00:00,74.85,74.88,73.34,74.77,115850.9703
2026-07-17 16:00:00+00:00,74.77,75.6,74.62,75.2,51904.8717
2026-07-17 20:00:00+00:00,75.2,75.23,74.84,75.04,16656.6057
2026-07-18 00:00:00+00:00,75.04,75.44,74.98,75.37,10918.7028
2026-07-18 04:00:00+00:00,75.37,75.38,74.87,74.96,16650.1136
2026-07-18 08:00:00+00:00,74.96,75.04,74.66,74.96,23370.8289
2026-07-18 12:00:00+00:00,74.96,75.19,74.51,74.95,21534.8804
2026-07-18 16:00:00+00:00,74.95,75.63,74.84,75.43,36749.2166
2026-07-18 20:00:00+00:00,75.43,75.62,75.32,75.51,24279.4194
2026-07-19 00:00:00+00:00,75.51,76.57,75.45,75.96,25884.0699
2026-07-19 04:00:00+00:00,75.96,76.32,75.73,76.14,23054.1512
2026-07-19 08:00:00+00:00,76.14,76.54,75.91,76.07,20100.8565
2026-07-19 12:00:00+00:00,76.07,76.68,75.75,76.21,28340.3157
2026-07-19 16:00:00+00:00,76.21,76.28,75.37,75.88,26435.8751
2026-07-19 20:00:00+00:00,75.88,76.56,75.63,76.37,36424.5741
2026-07-20 00:00:00+00:00,76.37,77.41,76.13,76.76,65281.2442
2026-07-20 04:00:00+00:00,76.76,76.94,75.53,76.22,54610.7432
2026-07-20 08:00:00+00:00,76.22,77.23,75.91,77.13,57957.9307
2026-07-20 12:00:00+00:00,77.13,77.92,75.78,77.76,107834.4508
2026-07-20 16:00:00+00:00,77.76,78.38,77.31,77.64,133670.7874
2026-07-20 20:00:00+00:00,77.64,78.06,77.43,77.86,30079.2678
2026-07-21 00:00:00+00:00,77.86,78.55,77.66,78.19,29158.4973
2026-07-21 04:00:00+00:00,78.19,78.88,78.02,78.56,53516.8605
2026-07-21 08:00:00+00:00,78.56,78.75,78.08,78.36,81442.4056
2026-07-21 12:00:00+00:00,78.36,78.64,77.81,78.14,57702.4008
2026-07-21 16:00:00+00:00,78.14,78.26,77.46,77.88,49859.4215
2026-07-21 20:00:00+00:00,77.88,78.19,77.8,78.14,43327.2151
2026-07-22 00:00:00+00:00,78.14,78.58,77.81,77.88,51167.283
2026-07-22 04:00:00+00:00,77.88,78.23,76.99,77.12,93206.5427
2026-07-22 08:00:00+00:00,77.12,77.8,77.07,77.56,44144.5654
2026-07-22 12:00:00+00:00,77.56,78.86,77.04,78.46,131280.4979
2026-07-22 16:00:00+00:00,78.46,78.8,77.33,77.67,76024.8973
2026-07-22 20:00:00+00:00,77.67,78.12,77.49,77.97,49713.5661
2026-07-23 00:00:00+00:00,77.97,78.54,77.4,77.61,50238.891
2026-07-23 04:00:00+00:00,77.61,77.82,77.03,77.16,46854.8822
2026-07-23 08:00:00+00:00,77.16,77.86,77.11,77.66,23001.5899
2026-07-23 12:00:00+00:00,77.66,77.73,75.85,76.37,124988.334
2026-07-23 16:00:00+00:00,76.37,76.37,75.42,75.74,70496.0145
2026-07-23 20:00:00+00:00,75.74,76.26,75.7,75.87,31735.4061
2026-07-24 00:00:00+00:00,75.87,76.11,75.3,75.83,32625.2437
2026-07-24 04:00:00+00:00,75.83,76.43,75.6,76.06,34055.4223
2026-07-24 08:00:00+00:00,76.06,76.07,75.0,75.19,44057.1026
2026-07-24 12:00:00+00:00,75.19,75.29,73.59,74.03,96546.4923
2026-07-24 16:00:00+00:00,74.03,74.21,73.72,73.95,36635.2124
2026-07-24 20:00:00+00:00,73.95,74.03,73.43,73.94,51675.1319
2026-07-25 00:00:00+00:00,73.94,74.31,73.93,74.12,26857.5862
2026-07-25 04:00:00+00:00,74.12,74.35,73.76,73.79,34306.0052
2026-07-25 08:00:00+00:00,73.79,74.05,73.55,73.91,26598.3094
2026-07-25 12:00:00+00:00,73.91,74.29,73.77,74.16,65574.075
2026-07-25 16:00:00+00:00,74.16,74.73,74.09,74.56,35002.843
2026-07-25 20:00:00+00:00,74.56,74.59,74.27,74.52,33687.7652
2026-07-26 00:00:00+00:00,74.52,75.05,74.46,75.02,27330.0867
2026-07-26 04:00:00+00:00,75.02,75.22,74.74,74.86,19908.0844
2026-07-26 08:00:00+00:00,74.86,75.27,74.78,74.94,22070.129
2026-07-26 12:00:00+00:00,74.94,75.49,74.77,75.47,25779.8528
2026-07-26 16:00:00+00:00,75.47,75.98,75.25,75.34,26991.272
2026-07-26 20:00:00+00:00,75.34,77.09,75.28,76.77,64136.1433
2026-07-27 00:00:00+00:00,76.77,76.79,75.99,76.4,31650.5724
2026-07-27 04:00:00+00:00,76.4,76.99,76.26,76.47,38710.806
2026-07-27 08:00:00+00:00,76.47,76.69,76.13,76.51,31199.6549
2026-07-27 12:00:00+00:00,76.51,77.5,75.03,75.28,139779.4806
2026-07-27 16:00:00+00:00,75.28,76.25,75.15,75.98,70577.586
2026-07-27 20:00:00+00:00,75.98,76.14,73.74,74.2,81035.6302
2026-07-28 00:00:00+00:00,74.2,74.3,72.86,73.26,63670.0829
2026-07-28 04:00:00+00:00,73.26,73.53,72.98,73.28,53864.7461
2026-07-28 08:00:00+00:00,73.28,73.5,72.88,73.19,79680.7215
2026-07-28 12:00:00+00:00,73.19,74.59,72.35,74.34,103117.1306
2026-07-28 16:00:00+00:00,74.34,74.57,73.55,74.33,48805.8108
2026-07-28 20:00:00+00:00,74.33,74.39,73.18,73.83,55294.8424
2026-07-29 00:00:00+00:00,73.83,74.22,73.03,73.09,46394.6505
2026-07-29 04:00:00+00:00,73.09,74.28,72.73,74.25,34064.6702
2026-07-29 08:00:00+00:00,74.25,74.33,73.71,73.95,35986.0953
2026-07-29 12:00:00+00:00,73.95,73.95,72.98,73.13,75341.0285
2026-07-29 16:00:00+00:00,73.13,74.55,72.75,72.77,173588.1055
2026-07-29 20:00:00+00:00,72.77,73.8,72.33,73.69,78530.9759
2026-07-30 00:00:00+00:00,73.69,74.21,73.15,73.71,28525.9906
2026-07-30 04:00:00+00:00,73.71,73.87,73.41,73.43,21571.0336
2026-07-30 08:00:00+00:00,73.43,74.33,73.3,74.22,43591.8109
2026-07-30 12:00:00+00:00,74.22,74.94,74.09,74.66,73414.1347
2026-07-30 16:00:00+00:00,74.66,74.98,74.43,74.79,31421.9764
2026-07-30 20:00:00+00:00,74.79,75.0,74.42,74.52,51773.4753
2026-07-31 00:00:00+00:00,74.52,75.32,73.89,74.15,53656.7636
2026-07-31 04:00:00+00:00,74.15,74.55,73.51,73.68,55725.8886
2026-07-31 08:00:00+00:00,73.68,73.81,73.29,73.57,28768.0166
2026-07-31 12:00:00+00:00,73.57,73.82,72.8,73.11,73023.8735
2026-07-31 16:00:00+00:00,73.11,73.47,72.91,73.08,50718.9243
2026-07-31 20:00:00+00:00,73.08,73.22,72.56,72.86,29373.8762
2026-08-01 00:00:00+00:00,72.86,73.16,72.86,73.04,19412.044
2026-08-01 04:00:00+00:00,73.04,73.22,72.87,72.98,12869.576
2026-08-01 08:00:00+00:00,72.98,73.09,72.67,72.9,14393.5806
2026-08-01 12:00:00+00:00,72.9,73.05,72.74,72.8,18489.1706
2026-08-01 16:00:00+00:00,72.8,72.94,70.6,71.28,79331.1604
2026-08-01 20:00:00+00:00,71.28,72.09,71.2,71.95,27090.9001
2026-08-02 00:00:00+00:00,71.95,73.4,71.93,73.2,44014.419
2026-08-02 04:00:00+00:00,73.2,73.68,73.2,73.46,25723.6991
2026-08-02 08:00:00+00:00,73.46,73.55,72.96,73.01,24920.541
2026-08-02 12:00:00+00:00,73.01,73.25,72.71,73.02,22392.6523
2026-08-02 16:00:00+00:00,73.02,73.86,72.93,73.72,26604.9286
2026-08-02 20:00:00+00:00,73.72,74.34,73.47,73.64,26872.7965
2026-08-03 00:00:00+00:00,73.64,73.68,72.7,72.9,37615.9348
2026-08-03 04:00:00+00:00,72.9,73.07,72.43,72.54,28218.7782
2026-08-03 08:00:00+00:00,72.54,72.81,71.98,72.45,36281.369
2026-08-03 12:00:00+00:00,72.45,73.82,72.32,73.61,76052.8927
2026-08-03 16:00:00+00:00,73.61,74.29,73.22,74.03,61420.6565
2026-08-03 20:00:00+00:00,74.03,74.15,73.38,73.56,33416.6005
2026-08-04 00:00:00+00:00,73.56,74.13,73.05,73.69,27758.2415
2026-08-04 04:00:00+00:00,73.69,74.1,73.21,73.67,26073.4781
2026-08-04 08:00:00+00:00,73.67,73.98,73.1,73.95,36385.2531
2026-08-04 12:00:00+00:00,73.95,74.2,73.33,73.98,59125.7255
2026-08-04 16:00:00+00:00,73.98,74.4,73.61,74.19,55101.2723
2026-08-04 20:00:00+00:00,74.19,74.45,73.72,73.76,36540.5235
2026-08-05 00:00:00+00:00,73.76,74.5,73.4,73.79,41502.0611
2026-08-05 04:00:00+00:00,73.79,74.3,73.63,73.99,26584.9134
2026-08-05 08:00:00+00:00,73.99,74.21,73.74,73.77,31283.1891
2026-08-05 12:00:00+00:00,73.77,74.38,73.27,73.95,70126.6703
2026-08-05 16:00:00+00:00,73.95,74.83,73.94,74.47,43555.6091
2026-08-05 20:00:00+00:00,74.47,74.59,73.85,74.04,33849.4423
2026-08-06 00:00:00+00:00,74.04,74.27,73.39,73.48,29046.6216
2026-08-06 04:00:00+00:00,73.48,74.35,73.39,73.89,30118.2853
2026-08-06 08:00:00+00:00,73.89,74.09,73.17,73.46,53774.9021
2026-08-06 12:00:00+00:00,73.46,73.63,72.86,73.31,48353.4977
2026-08-06 16:00:00+00:00,73.31,73.54,72.55,72.8,38257.4568
2026-08-06 20:00:00+00:00,72.8,73.0,72.34,72.69,30913.368
2026-08-07 00:00:00+00:00,72.69,72.93,72.5,72.62,23469.3465
2026-08-07 04:00:00+00:00,72.62,73.07,72.44,72.92,20052.751
2026-08-07 08:00:00+00:00,72.92,73.78,72.91,73.62,31651.9665
2026-08-07 12:00:00+00:00,73.62,74.37,73.58,73.89,82137.7914
2026-08-07 16:00:00+00:00,73.89,74.12,73.2,74.02,28659.7724
2026-08-07 20:00:00+00:00,74.02,74.1,73.59,73.67,27802.4307
2026-08-08 00:00:00+00:00,73.67,74.99,73.58,74.82,23012.5826
2026-08-08 04:00:00+00:00,74.82,75.13,74.48,74.8,43013.0425
2026-08-08 08:00:00+00:00,74.8,75.71,74.69,75.6,58500.6581
2026-08-08 12:00:00+00:00,75.6,76.8,75.35,76.38,67129.2266
2026-08-08 16:00:00+00:00,76.38,76.5,75.98,76.16,39977.459
2026-08-08 20:00:00+00:00,76.16,76.36,75.77,76.02,27936.8207
2026-08-09 00:00:00+00:00,76.02,76.1,75.75,75.98,25208.451
2026-08-09 04:00:00+00:00,75.98,76.5,75.88,76.36,34538.5443
2026-08-09 08:00:00+00:00,76.36,76.64,76.12,76.51,48711.1666
2026-08-09 12:00:00+00:00,76.51,77.46,76.31,77.43,49748.8907
2026-08-09 16:00:00+00:00,77.43,77.55,77.07,77.22,32575.0071
2026-08-09 20:00:00+00:00,77.22,77.83,76.21,76.27,60350.399
2026-08-10 00:00:00+00:00,76.27,77.17,76.22,76.64,67028.5115
2026-08-10 04:00:00+00:00,76.64,77.12,76.44,76.98,29988.8864
2026-08-10 08:00:00+00:00,76.98,77.14,76.54,77.06,45655.5677
2026-08-10 12:00:00+00:00,77.06,77.14,75.82,75.96,144164.9818
2026-08-10 16:00:00+00:00,75.96,76.28,75.6,76.17,123009.0576
2026-08-10 20:00:00+00:00,76.17,76.5,75.99,76.0,26494.1788
2026-08-11 00:00:00+00:00,76.0,76.26,75.72,76.09,23172.494
2026-08-11 04:00:00+00:00,76.09,76.24,75.44,75.7,58016.014
2026-08-11 08:00:00+00:00,75.7,76.37,75.64,76.22,76106.2277
2026-08-11 12:00:00+00:00,76.22,76.26,74.64,74.93,73117.1578
2026-08-11 16:00:00+00:00,74.93,75.71,74.8,75.66,45190.1657
2026-08-11 20:00:00+00:00,75.66,76.67,75.65,76.3,48469.9162
2026-08-12 00:00:00+00:00,76.3,76.61,76.23,76.42,18077.8714
2026-08-12 04:00:00+00:00,76.42,76.58,75.96,76.28,15189.2738
2026-08-12 08:00:00+00:00,76.28,76.9,76.14,76.83,39726.7953
2026-08-12 12:00:00+00:00,76.83,77.32,75.4,75.75,120668.9491
2026-08-12 16:00:00+00:00,75.75,76.09,75.56,75.76,38312.2678
2026-08-12 20:00:00+00:00,75.76,76.02,75.31,75.62,32842.4023
2026-08-13 00:00:00+00:00,75.62,76.32,75.48,76.25,33311.9234
2026-08-13 04:00:00+00:00,76.25,76.63,76.03,76.44,24201.2186
2026-08-13 08:00:00+00:00,76.44,76.5,75.56,75.67,41207.3526
2026-08-13 12:00:00+00:00,75.67,76.58,75.64,75.64,31669.6983
2026-08-13 16:00:00+00:00,75.64,76.28,75.11,76.19,36570.0725
2026-08-13 20:00:00+00:00,76.19,76.45,76.13,76.27,18582.2677
2026-08-14 00:00:00+00:00,76.27,76.33,75.75,75.76,47153.7594
2026-08-14 04:00:00+00:00,75.76,76.03,75.49,75.58,23119.7485
2026-08-14 08:00:00+00:00,75.58,75.88,75.36,75.52,28914.3502
2026-08-14 12:00:00+00:00,75.52,75.76,75.05,75.64,61174.0442
2026-08-14 16:00:00+00:00,75.64,75.71,74.68,75.0,45352.7728
2026-08-14 20:00:00+00:00,75.0,75.42,74.96,75.4,28814.66
2026-08-15 00:00:00+00:00,75.4,75.71,75.29,75.42,21444.2372
2026-08-15 04:00:00+00:00,75.42,75.6,75.21,75.24,25383.5168
2026-08-15 08:00:00+00:00,75.24,75.35,75.03,75.23,22605.6292
2026-08-15 12:00:00+00:00,75.23,75.58,75.19,75.52,17259.9936
2026-08-15 16:00:00+00:00,75.52,75.68,75.41,75.57,17839.585
2026-08-15 20:00:00+00:00,75.57,75.73,75.31,75.34,19320.7824
2026-08-16 00:00:00+00:00,75.34,75.66,75.27,75.57,11717.7765
2026-08-16 04:00:00+00:00,75.57,75.62,75.28,75.46,14812.6191
2026-08-16 08:00:00+00:00,75.46,75.49,75.17,75.28,13329.9614
2026-08-16 12:00:00+00:00,75.28,75.64,75.2,75.56,13723.1853
2026-08-16 16:00:00+00:00,75.56,75.71,75.06,75.24,20549.0773
2026-08-16 20:00:00+00:00,75.24,75.34,74.11,74.62,60442.918
2026-08-17 00:00:00+00:00,74.62,75.58,74.44,75.51,46399.2423
2026-08-17 04:00:00+00:00,75.51,76.0,75.36,75.78,40198.603
2026-08-17 08:00:00+00:00,75.78,75.93,75.19,75.71,36173.7077
2026-08-17 12:00:00+00:00,75.71,76.23,75.3,76.1,44207.7894
2026-08-17 16:00:00+00:00,76.1,76.17,75.71,75.81,46020.296
2026-08-17 20:00:00+00:00,75.81,76.11,75.63,76.03,18343.8343
2026-08-18 00:00:00+00:00,76.03,76.09,75.21,75.52,24247.0099
2026-08-18 04:00:00+00:00,75.52,76.26,75.41,76.11,67728.7767
2026-08-18 08:00:00+00:00,76.11,76.46,75.81,76.33,60070.2922
2026-08-18 12:00:00+00:00,76.33,77.32,76.04,77.2,71258.4525
2026-08-18 16:00:00+00:00,77.2,77.34,76.85,76.93,16725.6709
